{"cameraMode":{"drawMode":0,"name":"Shaded","section":"Shading Mode"},"sceneLighting":true,"audioPlay":false,"sceneViewState":{"m_AlwaysRefresh":false,"showFog":true,"showSkybox":true,"showFlares":true,"showImageEffects":true,"showParticleSystems":true,"showVisualEffectGraphs":true,"m_FxEnabled":true},"in2DMode":false,"pivot":{"x":-0.16616666316986085,"y":0.9471718072891235,"z":1.0081523656845093},"rotation":{"x":0.17890006303787232,"y":0.466387540102005,"z":-0.09692268073558808,"w":0.8608649373054504},"size":48.886226654052737,"orthographic":false}