{"cameraMode":{"drawMode":0,"name":"Shaded","section":"Shading Mode"},"sceneLighting":false,"audioPlay":false,"sceneViewState":{"m_AlwaysRefresh":false,"showFog":true,"showSkybox":false,"showFlares":true,"showImageEffects":true,"showParticleSystems":true,"showVisualEffectGraphs":true,"m_FxEnabled":true},"in2DMode":false,"pivot":{"x":-4.5136332511901859,"y":0.028695762157440187,"z":-2.265763521194458},"rotation":{"x":0.08805262297391892,"y":-0.8012876510620117,"z":0.12183871865272522,"w":0.5790871381759644},"size":1.5831352472305298,"orthographic":true}